Iteration,ActiveTime_ms,NumAnts,FoodCount
1,0.152,399,0
2,0.14,408,0
3,0.128,406,0
4,0.117,407,0
5,0.113,405,0
6,0.116,403,0
7,0.11,403,0
8,0.11,404,0
9,0.115,403,0
10,0.114,406,0
11,0.118,407,0
12,0.128,408,0
13,0.128,407,0
14,0.133,404,0
15,0.169,405,0
16,0.134,402,0
17,0.145,405,0
18,0.116,404,0
19,0.113,408,0
20,0.115,410,0
21,0.121,408,0
22,0.12,406,0
23,0.125,407,0
24,0.132,406,0
25,0.131,403,0
26,0.126,403,0
27,0.132,406,0
28,0.141,407,0
29,0.136,410,0
30,0.141,407,0
31,0.143,407,0
32,0.142,402,0
33,0.147,402,0
34,0.149,399,0
35,0.164,401,0
36,0.157,400,0
37,0.162,399,0
38,0.155,396,0
39,0.167,399,0
40,0.174,397,0
41,0.176,400,0
42,0.176,400,0
43,0.195,405,0
44,0.187,406,0
45,0.178,407,0
46,0.184,405,0
47,0.172,397,0
48,0.181,400,0
49,0.181,411,0
50,0.185,409,0
51,0.181,410,0
52,0.19,408,0
53,0.184,410,0
54,0.195,414,0
55,0.204,410,0
56,0.186,412,0
57,0.182,409,0
58,0.183,412,0
59,0.184,410,0
60,0.182,409,0
61,0.185,408,0
62,0.184,409,0
63,0.185,407,0
64,0.183,407,0
65,0.186,414,0
66,0.187,410,0
67,0.182,409,0
68,0.214,411,0
69,0.212,412,0
70,0.212,408,0
71,0.212,408,0
72,0.182,406,0
73,0.21,408,0
74,0.185,411,0
75,0.185,408,0
76,0.203,400,0
77,0.224,399,0
78,0.224,400,0
79,0.152,398,0
80,0.164,398,0
81,0.155,400,0
82,0.154,400,0
83,0.152,399,0
84,0.168,397,0
85,0.165,398,0
86,0.163,400,0
87,0.195,401,0
88,0.167,400,0
89,0.167,398,0
90,0.186,402,0
91,0.211,400,0
92,0.197,399,0
93,0.168,395,0
94,0.192,400,0
95,0.199,400,0
96,0.202,397,0
97,0.199,397,0
98,0.208,397,0
99,0.199,396,0
100,0.167,398,0
101,0.151,394,0
102,0.164,396,0
103,0.165,394,0
104,0.211,392,0
105,0.205,398,0
106,0.188,402,0
107,0.251,400,0
108,0.228,394,0
109,0.199,396,0
110,0.172,394,0
111,0.166,397,0
112,0.176,396,0
113,0.192,393,0
114,0.135,395,0
115,0.147,393,0
116,0.134,391,0
117,0.127,388,0
118,0.132,392,0
119,0.163,393,0
120,0.134,392,0
121,0.131,390,0
122,0.137,389,0
123,0.174,389,0
124,0.128,391,0
125,0.128,392,0
126,0.122,395,0
127,0.144,392,0
128,0.137,397,0
129,0.117,392,0
130,0.124,390,0
131,0.128,388,0
132,0.118,386,0
133,0.115,385,0
134,0.122,387,0
135,0.121,388,0
136,0.122,387,0
137,0.12,389,0
138,0.115,389,0
139,0.123,383,0
140,0.119,390,0
141,0.122,385,0
142,0.114,388,0
143,0.124,386,0
144,0.117,386,0
145,0.115,385,0
146,0.113,384,0
147,0.111,380,0
148,0.115,380,0
149,0.267,377,0
150,0.264,379,0
151,0.22,377,0
152,0.224,380,0
153,0.227,378,0
154,0.222,382,0
155,0.194,377,0
156,0.191,384,0
157,0.191,386,0
158,0.191,385,0
159,0.199,386,0
160,0.198,383,0
161,0.194,386,0
162,0.193,392,0
163,0.207,391,0
164,0.2,394,0
165,0.213,397,0
166,0.168,393,0
167,0.201,396,0
168,0.196,392,0
169,0.197,395,0
170,0.171,394,0
171,0.197,392,0
172,0.169,391,0
173,0.17,386,0
174,0.17,385,0
175,0.177,392,0
176,0.169,390,0
177,0.206,390,0
178,0.168,383,0
179,0.166,386,0
180,0.165,384,0
181,0.176,387,0
182,0.172,382,0
183,0.169,386,0
184,0.176,383,0
185,0.164,383,0
186,0.169,384,0
187,0.167,377,0
188,0.17,382,0
189,0.167,377,0
190,0.162,377,0
191,0.163,382,0
192,0.171,386,0
193,0.172,382,0
194,0.17,384,0
195,0.177,382,0
196,0.17,380,0
197,0.179,377,0
198,0.168,374,0
199,0.166,379,0
200,0.17,373,0
201,0.167,382,0
202,0.193,377,0
203,0.195,376,0
204,0.194,379,0
205,0.166,377,0
206,0.165,374,0
207,0.176,378,0
208,0.17,378,0
209,0.186,370,0
210,0.194,374,0
211,0.169,373,0
212,0.173,374,0
213,0.164,378,0
214,0.167,378,0
215,0.167,373,0
216,0.17,375,0
217,0.164,370,0
218,0.166,372,0
219,0.168,368,0
220,0.169,376,0
221,0.164,370,0
222,0.161,367,0
223,0.168,374,0
224,0.163,377,0
225,0.162,374,0
226,0.166,377,0
227,0.168,376,0
228,0.171,376,0
229,0.168,380,0
230,0.168,373,0
231,0.17,373,0
232,0.165,376,0
233,0.167,377,0
234,0.169,379,0
235,0.192,373,0
236,0.181,378,0
237,0.167,371,0
238,0.169,374,0
239,0.165,375,0
240,0.173,376,0
241,0.162,377,0
242,0.17,378,0
243,0.171,376,0
244,0.175,377,0
245,0.17,382,0
246,0.167,380,0
247,0.17,372,0
248,0.167,376,0
249,0.165,371,0
250,0.19,374,0
251,0.185,372,0
252,0.166,371,0
253,0.162,373,0
254,0.168,368,0
255,0.167,368,0
256,0.167,373,0
257,0.163,373,0
258,0.166,372,0
259,0.162,374,0
260,0.165,373,0
261,0.161,369,0
262,0.16,369,0
263,0.157,368,0
264,0.16,369,0
265,0.162,368,0
266,0.168,375,0
267,0.167,375,0
268,0.165,373,0
269,0.167,370,0
270,0.165,372,0
271,0.165,375,0
272,0.162,374,0
273,0.171,372,0
274,0.169,376,0
275,0.165,376,0
276,0.166,375,0
277,0.161,372,0
278,0.158,371,0
279,0.168,376,0
280,0.17,374,0
281,0.161,382,0
282,0.168,379,0
283,0.212,376,0
284,0.194,377,0
285,0.19,375,0
286,0.162,376,0
287,0.164,376,0
288,0.166,376,0
289,0.165,378,0
290,0.164,378,0
291,0.175,378,0
292,0.165,380,0
293,0.172,377,0
294,0.163,374,0
295,0.168,376,0
296,0.177,383,0
297,0.17,388,0
298,0.168,387,0
299,0.17,384,0
300,0.17,386,0
301,0.173,392,0
302,0.174,386,0
303,0.179,382,0
304,0.173,381,0
305,0.173,379,0
306,0.171,384,0
307,0.169,380,0
308,0.173,383,0
309,0.164,381,0
310,0.171,382,0
311,0.171,384,0
312,0.169,387,0
313,0.17,387,0
314,0.17,383,0
315,0.172,379,0
316,0.168,382,0
317,0.171,385,0
318,0.167,377,0
319,0.167,382,0
320,0.176,382,0
321,0.168,374,0
322,0.15,374,0
323,0.193,373,0
324,0.178,370,0
325,0.151,377,0
326,0.158,381,0
327,0.156,377,0
328,0.151,380,0
329,0.151,379,0
330,0.153,376,0
331,0.151,374,0
332,0.154,380,0
333,0.173,384,0
334,0.169,385,0
335,0.175,383,0
336,0.176,384,0
337,0.173,383,0
338,0.179,387,0
339,0.2,384,0
340,0.168,380,0
341,0.171,381,0
342,0.178,382,0
343,0.176,382,0
344,0.175,383,0
345,0.17,383,0
346,0.169,380,0
347,0.165,382,0
348,0.171,383,0
349,0.167,379,0
350,0.168,378,0
351,0.182,377,0
352,0.166,375,0
353,0.162,376,0
354,0.166,378,0
355,0.171,382,0
356,0.16,378,0
357,0.139,379,0
358,0.145,378,0
359,0.137,377,0
360,0.147,372,0
361,0.14,369,0
362,0.15,371,0
363,0.141,366,0
364,0.139,368,0
365,0.144,369,0
366,0.181,371,0
367,0.155,373,0
368,0.188,369,0
369,0.158,374,0
370,0.148,373,0
371,0.154,372,0
372,0.166,373,0
373,0.119,376,0
374,0.131,370,0
375,0.135,369,0
376,0.122,375,0
377,0.127,368,0
378,0.12,374,0
379,0.121,368,0
380,0.123,364,0
381,0.12,364,0
382,0.128,365,0
383,0.137,368,0
384,0.13,370,0
385,0.117,366,0
386,0.124,360,0
387,0.121,368,0
388,0.121,367,0
389,0.124,364,0
390,0.119,364,0
391,0.13,369,0
392,0.121,366,0
393,0.117,369,0
394,0.122,370,0
395,0.133,369,0
396,0.132,369,0
397,0.12,368,0
398,0.118,373,0
399,0.115,376,0
400,0.115,364,0
401,0.113,366,0
402,0.111,367,0
403,0.122,368,0
404,0.121,366,0
405,0.113,368,0
406,0.117,364,0
407,0.125,365,0
408,0.115,368,0
409,0.109,368,0
410,0.112,364,0
411,0.11,367,0
412,0.11,368,0
413,0.107,372,0
414,0.12,367,0
415,0.123,365,0
416,0.11,365,0
417,0.107,360,0
418,0.103,358,0
419,0.108,356,0
420,0.108,360,0
421,0.11,358,0
422,0.108,359,0
423,0.12,362,0
424,0.117,359,0
425,0.111,358,0
426,0.108,357,0
427,0.109,354,0
428,0.104,356,0
429,0.108,356,0
430,0.108,361,0
431,0.114,359,0
432,0.113,357,0
433,0.105,357,0
434,0.111,359,0
435,0.112,361,0
436,0.111,363,0
437,0.11,362,0
438,0.109,360,0
439,0.112,364,0
440,0.111,363,0
441,0.118,366,0
442,0.109,365,0
443,0.115,366,0
444,0.112,363,0
445,0.123,363,0
446,0.116,364,0
447,0.112,363,0
448,0.109,362,0
449,0.108,363,0
450,0.109,358,0
451,0.114,366,0
452,0.109,366,0
453,0.111,368,0
454,0.107,366,0
455,0.103,366,0
456,0.101,363,0
457,0.097,359,0
458,0.1,363,0
459,0.102,365,0
460,0.101,368,0
461,0.107,361,0
462,0.11,369,0
463,0.117,367,0
464,0.116,364,0
465,0.113,364,0
466,0.114,367,0
467,0.129,365,0
468,0.128,366,0
469,0.127,368,0
470,0.137,370,0
471,0.16,367,0
472,0.151,360,0
473,0.133,362,0
474,0.135,365,0
475,0.137,364,0
476,0.128,366,0
477,0.121,369,0
478,0.123,371,0
479,0.14,369,0
480,0.116,371,0
481,0.133,365,0
482,0.136,370,0
483,0.121,373,0
484,0.109,375,0
485,0.103,372,0
486,0.114,370,0
487,0.116,371,0
488,0.108,367,0
489,0.105,368,0
490,0.107,366,0
491,0.114,368,0
492,0.121,365,0
493,0.113,367,0
494,0.118,363,0
495,0.122,367,0
496,0.122,364,0
497,0.123,361,0
498,0.128,361,0
499,0.132,353,0
500,0.135,361,0
501,0.151,360,0
502,0.165,358,0
503,0.152,363,0
504,0.154,367,0
505,0.148,363,0
506,0.145,359,0
507,0.168,364,0
508,0.165,363,0
509,0.165,358,0
510,0.167,357,0
511,0.163,358,0
512,0.167,357,0
513,0.166,355,0
514,0.17,357,0
515,0.188,357,0
516,0.184,352,0
517,0.177,356,0
518,0.2,362,0
519,0.202,361,0
520,0.175,361,0
521,0.158,359,0
522,0.166,360,0
523,0.159,361,0
524,0.162,363,0
525,0.19,363,0
526,0.188,363,0
527,0.164,365,0
528,0.183,366,0
529,0.16,364,0
530,0.162,362,0
531,0.181,363,0
532,0.232,369,0
533,0.255,364,0
534,0.221,358,0
535,0.24,362,0
536,0.211,364,0
537,0.205,365,0
538,0.196,365,0
539,0.192,364,0
540,0.172,359,0
541,0.165,362,0
542,0.161,365,0
543,0.22,364,0
544,0.161,363,0
545,0.156,365,0
546,0.157,359,0
547,0.18,359,0
548,0.161,358,0
549,0.15,359,0
550,0.162,361,0
551,0.156,363,0
552,0.155,367,0
553,0.155,359,0
554,0.166,361,0
555,0.159,364,0
556,0.161,359,0
557,0.182,361,0
558,0.165,359,0
559,0.161,356,0
560,0.161,357,0
561,0.159,357,0
562,0.154,359,0
563,0.158,355,0
564,0.161,358,0
565,0.151,358,0
566,0.156,360,0
567,0.171,361,0
568,0.171,361,0
569,0.154,364,0
570,0.157,361,0
571,0.156,363,0
572,0.16,364,0
573,0.159,362,0
574,0.157,363,0
575,0.17,357,0
576,0.177,359,0
577,0.169,360,0
578,0.175,364,0
579,0.172,363,0
580,0.173,360,0
581,0.171,356,0
582,0.156,359,0
583,0.172,359,0
584,0.172,355,0
585,0.155,363,0
586,0.159,364,0
587,0.154,363,0
588,0.172,358,0
589,0.158,362,0
590,0.174,361,0
591,0.171,362,0
592,0.159,360,0
593,0.172,363,0
594,0.171,361,0
595,0.176,369,0
596,0.172,361,0
597,0.164,358,0
598,0.175,360,0
599,0.171,361,0
600,0.173,364,0
601,0.175,363,0
602,0.168,355,0
603,0.204,359,0
604,0.173,356,0
605,0.153,359,0
606,0.169,360,0
607,0.16,359,0
608,0.163,361,0
609,0.157,364,0
610,0.165,362,0
611,0.153,359,0
612,0.156,360,0
613,0.15,360,0
614,0.158,358,0
615,0.156,358,0
616,0.153,357,0
617,0.153,355,0
618,0.157,360,0
619,0.154,360,0
620,0.156,366,0
621,0.154,364,0
622,0.174,362,0
623,0.151,361,0
624,0.153,360,0
625,0.155,364,0
626,0.173,365,0
627,0.175,362,0
628,0.174,363,0
629,0.149,365,0
630,0.156,361,0
631,0.154,364,0
632,0.155,372,0
633,0.157,366,0
634,0.16,360,0
635,0.154,358,0
636,0.157,356,0
637,0.153,356,0
638,0.151,356,0
639,0.15,360,0
640,0.153,362,0
641,0.155,364,0
642,0.154,364,0
643,0.163,366,0
644,0.153,370,0
645,0.154,361,0
646,0.17,365,0
647,0.159,361,0
648,0.154,366,0
649,0.152,365,0
650,0.148,358,0
651,0.155,366,0
652,0.162,366,0
653,0.154,364,0
654,0.153,361,0
655,0.149,363,0
656,0.152,364,0
657,0.149,360,0
658,0.15,365,0
659,0.16,366,0
660,0.167,363,0
661,0.155,361,0
662,0.153,362,0
663,0.172,362,0
664,0.152,362,0
665,0.152,367,0
666,0.156,367,0
667,0.15,361,0
668,0.155,363,0
669,0.152,362,0
670,0.154,363,0
671,0.151,363,0
672,0.156,359,0
673,0.152,360,0
674,0.154,360,0
675,0.18,357,0
676,0.158,361,0
677,0.153,358,0
678,0.153,363,0
679,0.155,358,0
680,0.155,361,0
681,0.153,361,0
682,0.152,354,0
683,0.158,360,0
684,0.152,358,0
685,0.151,367,0
686,0.153,366,0
687,0.151,364,0
688,0.156,362,0
689,0.147,364,0
690,0.154,362,0
691,0.16,363,0
692,0.161,362,0
693,0.162,362,0
694,0.176,365,0
695,0.24,364,0
696,0.199,363,0
697,0.188,364,0
698,0.192,366,0
699,0.146,361,0
700,0.188,364,0
701,0.163,365,0
702,0.163,365,0
703,0.184,363,0
704,0.347,359,0
705,0.269,364,0
706,0.24,360,0
707,0.227,363,0
708,0.204,354,0
709,0.198,357,0
710,0.204,359,0
711,0.144,361,0
712,0.172,365,0
713,0.164,363,0
714,0.186,366,0
715,0.169,365,0
716,0.134,367,0
717,0.13,364,0
718,0.128,366,0
719,0.146,361,0
720,0.144,367,0
721,0.129,365,0
722,0.125,368,0
723,0.143,367,0
724,0.13,365,0
725,0.122,370,0
726,0.124,373,0
727,0.16,375,0
728,0.135,373,0
729,0.125,370,0
730,0.123,373,0
731,0.117,375,0
732,0.128,372,0
733,0.114,375,0
734,0.119,379,0
735,0.122,369,0
736,0.115,366,0
737,0.117,368,0
738,0.112,362,0
739,0.129,364,0
740,0.118,369,0
741,0.113,369,0
742,0.112,369,0
743,0.121,368,0
744,0.118,369,0
745,0.116,378,0
746,0.115,376,0
747,0.115,377,0
748,0.271,375,0
749,0.224,376,0
750,0.194,375,0
751,0.197,380,0
752,0.196,372,0
753,0.193,375,0
754,0.189,371,0
755,0.202,373,0
756,0.165,371,0
757,0.166,375,0
758,0.171,377,0
759,0.175,377,0
760,0.172,374,0
761,0.15,375,0
762,0.157,373,0
763,0.181,376,0
764,0.163,373,0
765,0.15,372,0
766,0.151,373,0
767,0.151,372,0
768,0.159,372,0
769,0.154,376,0
770,0.153,375,0
771,0.156,376,0
772,0.153,376,0
773,0.153,381,0
774,0.164,378,0
775,0.16,366,0
776,0.155,368,0
777,0.154,372,0
778,0.161,371,0
779,0.163,371,0
780,0.152,374,0
781,0.155,372,0
782,0.166,374,0
783,0.156,373,0
784,0.16,376,0
785,0.158,371,0
786,0.15,368,0
787,0.15,368,0
788,0.153,370,0
789,0.149,367,0
790,0.152,370,0
791,0.161,370,0
792,0.149,367,0
793,0.141,369,0
794,0.148,370,0
795,0.15,373,0
796,0.151,376,0
797,0.148,377,0
798,0.15,373,0
799,0.177,376,0
800,0.147,377,0
801,0.146,372,0
802,0.152,371,0
803,0.145,369,0
804,0.146,365,0
805,0.141,366,0
806,0.154,361,0
807,0.14,360,0
808,0.142,362,0
809,0.139,361,0
810,0.143,364,0
811,0.148,359,0
812,0.142,360,0
813,0.14,363,0
814,0.15,363,0
815,0.149,366,0
816,0.146,359,0
817,0.139,362,0
818,0.154,362,0
819,0.148,361,0
820,0.157,367,0
821,0.15,363,0
822,0.148,364,0
823,0.172,366,0
824,0.154,367,0
825,0.15,367,0
826,0.147,358,0
827,0.138,362,0
828,0.149,354,0
829,0.148,358,0
830,0.152,358,0
831,0.142,364,0
832,0.149,357,0
833,0.141,364,0
834,0.14,364,0
835,0.174,357,0
836,0.146,362,0
837,0.137,362,0
838,0.15,358,0
839,0.14,363,0
840,0.144,364,0
841,0.137,363,0
842,0.146,361,0
843,0.142,358,0
844,0.144,355,0
845,0.136,359,0
846,0.143,362,0
847,0.139,364,0
848,0.146,365,0
849,0.141,362,0
850,0.146,361,0
851,0.135,359,0
852,0.145,361,0
853,0.136,359,0
854,0.136,360,0
855,0.143,357,0
856,0.145,361,0
857,0.141,362,0
858,0.139,363,0
859,0.149,361,0
860,0.137,363,0
861,0.134,360,0
862,0.146,360,0
863,0.139,361,0
864,0.137,364,0
865,0.135,360,0
866,0.149,363,0
867,0.142,364,0
868,0.14,365,0
869,0.14,369,0
870,0.14,375,0
871,0.145,369,0
872,0.144,371,0
873,0.142,374,0
874,0.145,371,0
875,0.173,371,0
876,0.148,369,0
877,0.136,369,0
878,0.142,374,0
879,0.146,376,0
880,0.148,370,0
881,0.137,373,0
882,0.15,378,0
883,0.141,379,0
884,0.149,376,0
885,0.145,372,0
886,0.142,371,0
887,0.141,374,0
888,0.15,366,0
889,0.145,369,0
890,0.142,369,0
891,0.139,368,0
892,0.144,370,0
893,0.141,364,0
894,0.144,365,0
895,0.142,366,0
896,0.139,362,0
897,0.136,365,0
898,0.143,367,0
899,0.14,361,0
900,0.139,363,0
901,0.136,362,0
902,0.137,364,0
903,0.139,364,0
904,0.139,363,0
905,0.141,363,0
906,0.143,362,0
907,0.147,364,0
908,0.143,362,0
909,0.137,361,0
910,0.142,364,0
911,0.154,362,0
912,0.146,355,0
913,0.135,361,0
914,0.144,361,0
915,0.138,363,0
916,0.139,357,0
917,0.135,358,0
918,0.141,361,0
919,0.133,366,0
920,0.149,369,0
921,0.142,366,0
922,0.149,370,0
923,0.139,371,0
924,0.148,370,0
925,0.149,367,0
926,0.148,370,0
927,0.151,368,0
928,0.16,364,0
929,0.145,364,0
930,0.143,361,0
931,0.141,360,0
932,0.145,368,0
933,0.142,363,0
934,0.134,365,0
935,0.17,365,0
936,0.152,371,0
937,0.137,368,0
938,0.149,372,0
939,0.151,373,0
940,0.145,372,0
941,0.14,374,0
942,0.154,376,0
943,0.143,378,0
944,0.152,372,0
945,0.144,375,0
946,0.145,373,0
947,0.174,373,0
948,0.146,366,0
949,0.145,371,0
950,0.146,374,0
951,0.133,378,0
952,0.139,374,0
953,0.142,370,0
954,0.144,367,0
955,0.136,368,0
956,0.145,369,0
957,0.141,371,0
958,0.15,374,0
959,0.143,377,0
960,0.148,373,0
961,0.144,378,0
962,0.148,376,0
963,0.143,377,0
964,0.145,374,0
965,0.147,370,0
966,0.15,368,0
967,0.147,371,0
968,0.145,373,0
969,0.143,376,0
970,0.15,375,0
971,0.14,374,0
972,0.147,370,0
973,0.133,369,0
974,0.139,362,0
975,0.162,359,0
976,0.146,361,0
977,0.134,361,0
978,0.141,356,0
979,0.13,357,0
980,0.136,356,0
981,0.136,361,0
982,0.147,358,0
983,0.155,361,0
984,0.145,362,0
985,0.137,362,0
986,0.132,363,0
987,0.147,359,0
988,0.144,360,0
989,0.144,359,0
990,0.137,358,0
991,0.137,364,0
992,0.141,353,0
993,0.135,362,0
994,0.144,365,0
995,0.131,363,0
996,0.143,362,0
997,0.142,358,0
998,0.143,358,0
999,0.13,360,0
1000,0.134,358,0
1001,0.128,361,0
1002,0.137,359,0
1003,0.155,360,0
1004,0.132,360,0
1005,0.127,359,0
1006,0.143,357,0
1007,0.137,352,0
1008,0.131,355,0
1009,0.12,351,0
1010,0.127,354,0
1011,0.145,354,0
1012,0.137,351,0
1013,0.126,352,0
1014,0.13,349,0
1015,0.136,352,0
1016,0.128,351,0
1017,0.129,352,0
1018,0.128,350,0
1019,0.122,350,0
1020,0.145,355,0
1021,0.125,350,0
1022,0.129,358,0
1023,0.123,363,0
1024,0.138,361,0
1025,0.123,362,0
1026,0.138,361,0
1027,0.162,358,0
1028,0.143,358,0
1029,0.13,362,0
1030,0.133,364,0
1031,0.147,363,0
1032,0.128,366,0
1033,0.132,368,0
1034,0.14,370,0
1035,0.167,368,0
1036,0.131,368,0
1037,0.137,369,0
1038,0.135,365,0
1039,0.13,368,0
1040,0.137,366,0
1041,0.129,368,0
1042,0.135,367,0
1043,0.133,369,0
1044,0.14,370,0
1045,0.134,379,0
1046,0.139,371,0
1047,0.131,374,0
1048,0.14,375,0
1049,0.143,371,0
1050,0.143,367,0
1051,0.13,370,0
1052,0.135,375,0
1053,0.132,371,0
1054,0.135,368,0
1055,0.14,370,0
1056,0.135,373,0
1057,0.13,372,0
1058,0.138,371,0
1059,0.136,368,0
1060,0.134,370,0
1061,0.131,375,0
1062,0.142,369,0
1063,0.155,368,0
1064,0.149,370,0
1065,0.128,367,0
1066,0.139,367,0
1067,0.136,361,0
1068,0.141,364,0
1069,0.13,362,0
1070,0.142,367,0
1071,0.146,367,0
1072,0.147,365,0
1073,0.128,366,0
1074,0.143,366,0
1075,0.135,369,0
1076,0.141,366,0
1077,0.129,366,0
1078,0.135,362,0
1079,0.132,364,0
1080,0.141,362,0
1081,0.128,363,0
1082,0.141,364,0
1083,0.15,370,0
1084,0.137,369,0
1085,0.137,370,0
1086,0.131,369,0
1087,0.135,373,0
1088,0.143,374,0
1089,0.137,373,0
1090,0.146,373,0
1091,0.133,371,0
1092,0.138,371,0
1093,0.128,373,0
1094,0.135,366,0
1095,0.129,368,0
1096,0.137,369,0
1097,0.121,368,0
1098,0.14,369,0
1099,0.179,368,0
1100,0.145,365,0
1101,0.128,373,0
1102,0.137,365,0
1103,0.162,364,0
1104,0.135,363,0
1105,0.129,364,0
1106,0.137,361,0
1107,0.133,364,0
1108,0.136,365,0
1109,0.129,366,0
1110,0.133,363,0
1111,0.13,361,0
1112,0.131,361,0
1113,0.131,366,0
1114,0.138,365,0
1115,0.121,366,0
1116,0.136,368,0
1117,0.133,369,0
1118,0.139,367,0
1119,0.168,367,0
1120,0.146,358,0
1121,0.133,361,0
1122,0.133,363,0
1123,0.126,369,0
1124,0.153,367,0
1125,0.164,367,0
1126,0.173,355,0
1127,0.138,361,0
1128,0.131,364,0
1129,0.133,360,0
1130,0.129,359,0
1131,0.157,362,0
1132,0.137,367,0
1133,0.126,361,0
1134,0.13,362,0
1135,0.143,365,0
1136,0.131,357,0
1137,0.133,360,0
1138,0.129,356,0
1139,0.117,355,0
1140,0.125,356,0
1141,0.127,358,0
1142,0.142,357,0
1143,0.172,360,0
1144,0.136,360,0
1145,0.13,361,0
1146,0.137,362,0
1147,0.125,362,0
1148,0.138,369,0
1149,0.131,367,0
1150,0.132,359,0
1151,0.142,366,0
1152,0.14,360,0
1153,0.133,362,0
1154,0.131,367,0
1155,0.115,365,0
1156,0.127,372,0
1157,0.137,371,0
1158,0.126,366,0
1159,0.122,362,0
1160,0.124,361,0
1161,0.122,363,0
1162,0.13,365,0
1163,0.122,366,0
1164,0.126,366,0
1165,0.128,367,0
1166,0.129,363,0
1167,0.122,365,0
1168,0.135,367,0
1169,0.125,370,0
1170,0.131,367,0
1171,0.143,362,0
1172,0.142,360,0
1173,0.129,360,0
1174,0.127,360,0
1175,0.127,361,0
1176,0.13,361,0
1177,0.118,357,0
1178,0.123,359,0
1179,0.117,354,0
1180,0.141,361,0
1181,0.117,365,0
1182,0.128,362,0
1183,0.116,360,0
1184,0.116,359,0
1185,0.12,358,0
1186,0.125,360,0
1187,0.153,360,0
1188,0.126,359,0
1189,0.115,356,0
1190,0.126,358,0
1191,0.136,352,0
1192,0.123,355,0
1193,0.122,358,0
1194,0.122,362,0
1195,0.153,360,0
1196,0.129,365,0
1197,0.123,367,0
1198,0.131,364,0
1199,0.122,367,0
1200,0.136,365,0
1201,0.119,368,0
1202,0.122,367,0
1203,0.12,367,0
1204,0.127,369,0
1205,0.126,368,0
1206,0.128,366,0
1207,0.117,368,0
1208,0.134,369,0
1209,0.116,361,0
1210,0.128,359,0
1211,0.134,365,0
1212,0.132,363,0
1213,0.12,365,0
1214,0.134,368,0
1215,0.142,370,0
1216,0.127,371,0
1217,0.126,370,0
1218,0.131,370,0
1219,0.125,371,0
1220,0.124,371,0
1221,0.119,375,0
1222,0.131,375,0
1223,0.12,368,0
1224,0.123,372,0
1225,0.13,371,0
1226,0.134,370,0
1227,0.117,374,0
1228,0.123,374,0
1229,0.125,371,0
1230,0.13,373,0
1231,0.121,368,0
1232,0.123,364,0
1233,0.119,370,0
1234,0.137,366,0
1235,0.17,369,0
1236,0.127,367,0
1237,0.123,364,0
1238,0.131,366,0
1239,0.112,363,0
1240,0.128,362,0
1241,0.122,368,0
1242,0.127,363,0
1243,0.166,371,0
1244,0.132,367,0
1245,0.121,371,0
1246,0.134,370,0
1247,0.136,364,0
1248,0.126,364,0
1249,0.122,366,0
1250,0.131,368,0
1251,0.116,369,0
1252,0.125,371,0
1253,0.121,372,0
1254,0.124,375,0
1255,0.138,370,0
1256,0.129,372,0
1257,0.127,369,0
1258,0.126,368,0
1259,0.12,365,0
1260,0.121,366,0
1261,0.123,367,0
1262,0.13,364,0
1263,0.12,361,0
1264,0.126,365,0
1265,0.119,359,0
1266,0.128,366,0
1267,0.115,364,0
1268,0.116,359,0
1269,0.11,362,0
1270,0.125,363,0
1271,0.122,364,0
1272,0.141,365,0
1273,0.123,364,0
1274,0.122,360,0
1275,0.11,364,0
1276,0.121,361,0
1277,0.117,360,0
1278,0.128,361,0
1279,0.145,358,0
1280,0.133,354,0
1281,0.116,357,0
1282,0.125,357,0
1283,0.128,356,0
1284,0.127,359,0
1285,0.12,355,0
1286,0.123,364,0
1287,0.123,355,0
1288,0.139,360,0
1289,0.12,362,0
1290,0.126,361,0
1291,0.126,365,0
1292,0.135,366,0
1293,0.127,364,0
1294,0.137,368,0
1295,0.173,368,0
1296,0.174,367,0
1297,0.167,371,0
1298,0.169,366,0
1299,0.161,366,0
1300,0.168,368,0
1301,0.156,368,0
1302,0.181,365,0
1303,0.132,366,0
1304,0.216,367,0
1305,0.174,368,0
1306,0.177,372,0
1307,0.137,368,0
1308,0.198,370,0
1309,0.166,372,0
1310,0.172,370,0
1311,0.15,377,0
1312,0.178,375,0
1313,0.128,374,0
1314,0.125,375,0
1315,0.146,377,0
1316,0.129,381,0
1317,0.128,378,0
1318,0.132,376,0
1319,0.133,375,0
1320,0.148,377,0
1321,0.12,379,0
1322,0.123,376,0
1323,0.149,377,0
1324,0.137,378,0
1325,0.128,383,0
1326,0.117,386,0
1327,0.133,386,0
1328,0.126,384,0
1329,0.115,384,0
1330,0.112,378,0
1331,0.124,383,0
1332,0.121,385,0
1333,0.114,382,0
1334,0.117,381,0
1335,0.118,379,0
1336,0.124,378,0
1337,0.115,375,0
1338,0.108,373,0
1339,0.116,372,0
1340,0.114,379,0
1341,0.111,380,0
1342,0.108,384,0
1343,0.113,377,0
1344,0.113,381,0
1345,0.117,384,0
1346,0.118,382,0
1347,0.152,375,0
1348,0.138,373,0
1349,0.147,379,0
1350,0.141,379,0
1351,0.151,380,0
1352,0.14,380,0
1353,0.13,380,0
1354,0.127,386,0
1355,0.13,389,0
1356,0.129,389,0
1357,0.134,390,0
1358,0.13,386,0
1359,0.126,381,0
1360,0.135,383,0
1361,0.127,382,0
1362,0.136,381,0
1363,0.132,379,0
1364,0.129,372,0
1365,0.117,377,0
1366,0.121,378,0
1367,0.124,377,0
1368,0.12,382,0
1369,0.121,378,0
1370,0.118,382,0
1371,0.119,380,0
1372,0.121,386,0
1373,0.118,385,0
1374,0.124,384,0
1375,0.122,383,0
1376,0.12,381,0
1377,0.121,381,0
1378,0.123,382,0
1379,0.122,375,0
1380,0.127,381,0
1381,0.118,380,0
1382,0.112,379,0
1383,0.122,378,0
1384,0.11,383,0
1385,0.121,387,0
1386,0.122,388,0
1387,0.13,387,0
1388,0.123,389,0
1389,0.118,390,0
1390,0.123,380,0
1391,0.128,378,0
1392,0.123,379,0
1393,0.12,385,0
1394,0.117,385,0
1395,0.121,385,0
1396,0.123,385,0
1397,0.118,380,0
1398,0.122,382,0
1399,0.119,384,0
1400,0.114,381,0
1401,0.12,381,0
1402,0.131,381,0
1403,0.125,380,0
1404,0.132,381,0
1405,0.12,383,0
1406,0.135,382,0
1407,0.121,392,0
1408,0.123,382,0
1409,0.123,382,0
1410,0.14,381,0
1411,0.131,380,0
1412,0.122,380,0
1413,0.123,380,0
1414,0.118,380,0
1415,0.121,388,0
1416,0.128,393,0
1417,0.129,392,0
1418,0.149,392,0
1419,0.121,394,0
1420,0.126,391,0
1421,0.127,391,0
1422,0.121,391,0
1423,0.125,391,0
1424,0.137,390,0
1425,0.121,389,0
1426,0.132,389,0
1427,0.119,388,0
1428,0.14,383,0
1429,0.117,390,0
1430,0.126,389,0
1431,0.158,394,0
1432,0.124,396,0
1433,0.122,390,0
1434,0.12,388,0
1435,0.112,389,0
1436,0.124,383,0
1437,0.12,390,0
1438,0.134,387,0
1439,0.124,384,0
1440,0.125,386,0
1441,0.125,388,0
1442,0.122,386,0
1443,0.114,387,0
1444,0.118,392,0
1445,0.12,390,0
1446,0.128,392,0
1447,0.114,395,0
1448,0.131,395,0
1449,0.128,395,0
1450,0.13,397,0
1451,0.125,398,0
1452,0.136,401,0
1453,0.133,400,0
1454,0.132,397,0
1455,0.153,395,0
1456,0.135,395,0
1457,0.124,393,0
1458,0.163,392,0
1459,0.138,395,0
1460,0.209,396,0
1461,0.207,395,0
1462,0.226,396,0
1463,0.31,392,0
1464,0.206,392,0
1465,0.26,394,0
1466,0.14,395,0
1467,0.148,401,0
1468,0.149,400,0
1469,0.123,393,0
1470,0.125,396,0
1471,0.161,393,0
1472,0.128,397,0
1473,0.12,396,0
1474,0.121,394,0
1475,0.16,400,0
1476,0.121,398,0
1477,0.126,398,0
1478,0.136,396,0
1479,0.169,393,0
1480,0.128,395,0
1481,0.122,396,0
1482,0.127,393,0
1483,0.122,393,0
1484,0.123,392,0
1485,0.118,392,0
1486,0.133,395,0
1487,0.14,395,0
1488,0.122,398,0
1489,0.12,396,0
1490,0.126,398,0
1491,0.119,398,0
1492,0.12,398,0
1493,0.114,396,0
1494,0.122,395,0
1495,0.119,394,0
1496,0.115,394,0
1497,0.116,396,0
1498,0.115,394,0
1499,0.113,392,0
1500,0.114,394,0
1501,0.116,395,0
1502,0.112,395,0
1503,0.11,391,0
1504,0.113,393,0
1505,0.114,396,0
1506,0.12,404,0
1507,0.12,406,0
1508,0.114,403,0
1509,0.118,400,0
1510,0.115,401,0
1511,0.117,398,0
1512,0.118,393,0
1513,0.111,394,0
1514,0.11,399,0
1515,0.118,398,0
1516,0.115,397,0
1517,0.113,401,0
1518,0.123,396,0
1519,0.12,393,0
1520,0.12,396,0
1521,0.117,394,0
1522,0.111,397,0
1523,0.121,396,0
1524,0.138,395,0
1525,0.122,395,0
1526,0.113,399,0
1527,0.118,399,0
1528,0.125,402,0
1529,0.124,401,0
1530,0.124,399,0
1531,0.113,400,0
1532,0.136,398,0
1533,0.12,401,0
1534,0.126,400,0
1535,0.117,403,0
1536,0.127,402,0
1537,0.124,396,0
1538,0.13,399,0
1539,0.117,400,0
1540,0.117,400,0
1541,0.117,399,0
1542,0.117,394,0
1543,0.116,393,0
1544,0.116,396,0
1545,0.116,398,0
1546,0.13,394,0
1547,0.117,400,0
1548,0.132,396,0
1549,0.126,400,0
1550,0.125,399,0
1551,0.112,402,0
1552,0.127,400,0
1553,0.123,401,0
1554,0.133,398,0
1555,0.118,402,0
1556,0.131,404,0
1557,0.132,403,0
1558,0.133,404,0
1559,0.118,405,0
1560,0.121,407,0
1561,0.132,405,0
1562,0.126,404,0
1563,0.132,398,0
1564,0.131,398,0
1565,0.117,396,0
1566,0.112,396,0
1567,0.112,399,0
1568,0.117,400,0
1569,0.111,397,0
1570,0.115,399,0
1571,0.112,399,0
1572,0.11,389,0
1573,0.115,398,0
1574,0.117,397,0
1575,0.118,395,0
1576,0.118,396,0
1577,0.11,393,0
1578,0.118,391,0
1579,0.113,395,0
1580,0.115,393,0
1581,0.114,397,0
1582,0.115,397,0
1583,0.118,396,0
1584,0.117,397,0
1585,0.131,391,0
1586,0.142,396,0
1587,0.115,397,0
1588,0.127,399,0
1589,0.125,395,0
1590,0.116,397,0
1591,0.115,399,0
1592,0.118,391,0
1593,0.126,394,0
1594,0.126,398,0
1595,0.165,394,0
1596,0.125,393,0
1597,0.11,391,0
1598,0.13,393,0
1599,0.106,395,0
1600,0.116,397,0
1601,0.135,398,0
1602,0.135,395,0
1603,0.112,397,0
1604,0.123,398,0
1605,0.122,397,0
1606,0.112,397,0
1607,0.113,398,0
1608,0.131,397,0
1609,0.132,394,0
1610,0.12,393,0
1611,0.115,395,0
1612,0.112,393,0
1613,0.113,396,0
1614,0.114,390,0
1615,0.113,390,0
1616,0.107,391,0
1617,0.114,387,0
1618,0.128,387,0
1619,0.103,386,0
1620,0.104,386,0
1621,0.103,384,0
1622,0.11,388,0
1623,0.107,383,0
1624,0.112,379,0
1625,0.11,381,0
1626,0.108,379,0
1627,0.116,384,0
1628,0.108,381,0
1629,0.103,381,0
1630,0.118,383,0
1631,0.106,382,0
1632,0.11,376,0
1633,0.119,377,0
1634,0.132,378,0
1635,0.101,378,0
1636,0.104,381,0
1637,0.109,387,0
1638,0.103,387,0
1639,0.11,390,0
1640,0.107,384,0
1641,0.102,385,0
1642,0.109,382,0
1643,0.108,384,0
1644,0.107,383,0
1645,0.105,382,0
1646,0.107,379,0
1647,0.106,382,0
1648,0.107,384,0
1649,0.117,385,0
1650,0.128,384,0
1651,0.159,385,0
1652,0.106,384,0
1653,0.104,388,0
1654,0.1,386,0
1655,0.103,382,0
1656,0.105,382,0
1657,0.107,381,0
1658,0.096,380,0
1659,0.098,376,0
1660,0.099,376,0
1661,0.106,382,0
1662,0.109,377,0
1663,0.111,381,0
1664,0.113,384,0
1665,0.106,391,0
1666,0.108,389,0
1667,0.114,390,0
1668,0.106,387,0
1669,0.107,383,0
1670,0.109,379,0
1671,0.109,384,0
1672,0.11,382,0
1673,0.108,381,0
1674,0.107,379,0
1675,0.114,386,0
1676,0.111,381,0
1677,0.109,380,0
1678,0.107,378,0
1679,0.112,379,0
1680,0.107,380,0
1681,0.102,379,0
1682,0.116,381,0
1683,0.106,382,0
1684,0.104,380,0
1685,0.105,382,0
1686,0.11,381,0
1687,0.106,380,0
1688,0.106,373,0
1689,0.097,374,0
1690,0.104,376,0
1691,0.103,375,0
1692,0.105,373,0
1693,0.105,374,0
1694,0.107,375,0
1695,0.106,377,0
1696,0.103,378,0
1697,0.103,375,0
1698,0.105,379,0
1699,0.106,376,0
1700,0.105,377,0
1701,0.103,376,0
1702,0.107,378,0
1703,0.102,377,0
1704,0.105,379,0
1705,0.106,373,0
1706,0.108,375,0
1707,0.106,374,0
1708,0.158,376,0
1709,0.139,376,0
1710,0.126,371,0
1711,0.151,373,0
1712,0.128,370,0
1713,0.114,367,0
1714,0.121,370,0
1715,0.111,372,0
1716,0.111,370,0
1717,0.11,372,0
1718,0.104,371,0
1719,0.122,373,0
1720,0.11,376,0
1721,0.106,369,0
1722,0.109,371,0
1723,0.106,372,0
1724,0.113,370,0
1725,0.103,364,0
1726,0.118,371,0
1727,0.115,365,0
1728,0.118,370,0
1729,0.122,368,0
1730,0.105,369,0
1731,0.114,371,0
1732,0.106,365,0
1733,0.109,369,0
1734,0.106,367,0
1735,0.106,366,0
1736,0.105,363,0
1737,0.101,369,0
1738,0.104,367,0
1739,0.106,367,0
1740,0.104,366,0
1741,0.099,363,0
1742,0.114,366,0
1743,0.108,366,0
1744,0.113,366,0
1745,0.111,362,0
1746,0.112,365,0
1747,0.116,363,0
1748,0.114,368,0
1749,0.107,371,0
1750,0.105,367,0
1751,0.112,365,0
1752,0.106,365,0
1753,0.105,365,0
1754,0.101,366,0
1755,0.105,372,0
1756,0.096,372,0
1757,0.104,371,0
1758,0.106,368,0
1759,0.105,368,0
1760,0.1,365,0
1761,0.102,368,0
1762,0.105,366,0
1763,0.105,374,0
1764,0.106,368,0
1765,0.105,365,0
1766,0.099,369,0
1767,0.107,366,0
1768,0.104,365,0
1769,0.097,367,0
1770,0.099,362,0
1771,0.107,368,0
1772,0.097,367,0
1773,0.1,369,0
1774,0.098,366,0
1775,0.102,364,0
1776,0.098,365,0
1777,0.093,367,0
1778,0.102,363,0
1779,0.097,365,0
1780,0.097,369,0
1781,0.104,369,0
1782,0.101,364,0
1783,0.104,372,0
1784,0.101,369,0
1785,0.1,370,0
1786,0.103,373,0
1787,0.105,368,0
1788,0.102,371,0
1789,0.097,373,0
1790,0.103,371,0
1791,0.099,377,0
1792,0.108,377,0
1793,0.103,381,0
1794,0.105,382,0
1795,0.102,380,0
1796,0.104,379,0
1797,0.101,383,0
1798,0.106,383,0
1799,0.104,373,0
1800,0.104,377,0
1801,0.105,379,0
1802,0.107,375,0
1803,0.102,371,0
1804,0.101,372,0
1805,0.099,373,0
1806,0.095,369,0
1807,0.098,370,0
1808,0.098,370,0
1809,0.097,370,0
1810,0.099,377,0
1811,0.099,373,0
1812,0.102,378,0
1813,0.097,377,0
1814,0.101,375,0
1815,0.097,381,0
1816,0.103,379,0
1817,0.1,379,0
1818,0.103,379,0
1819,0.099,386,0
1820,0.107,385,0
1821,0.103,385,0
1822,0.105,387,0
1823,0.103,382,0
1824,0.104,380,0
1825,0.103,379,0
1826,0.1,378,0
1827,0.098,378,0
1828,0.1,382,0
1829,0.1,379,0
1830,0.1,376,0
1831,0.103,374,0
1832,0.099,373,0
1833,0.101,378,0
1834,0.102,378,0
1835,0.103,377,0
1836,0.1,380,0
1837,0.099,382,0
1838,0.101,380,0
1839,0.097,376,0
1840,0.1,379,0
1841,0.101,378,0
1842,0.097,372,0
1843,0.097,372,0
1844,0.1,370,0
1845,0.095,369,0
1846,0.1,372,0
1847,0.093,374,0
1848,0.101,375,0
1849,0.098,376,0
1850,0.099,374,0
1851,0.093,373,0
1852,0.1,380,0
1853,0.097,375,0
1854,0.101,379,0
1855,0.099,381,0
1856,0.096,381,0
1857,0.095,376,0
1858,0.1,378,0
1859,0.097,382,0
1860,0.104,378,0
1861,0.096,381,0
1862,0.098,378,0
1863,0.099,380,0
1864,0.098,386,0
1865,0.101,386,0
1866,0.101,387,0
1867,0.1,385,0
1868,0.1,381,0
1869,0.099,382,0
1870,0.098,386,0
1871,0.101,380,0
1872,0.1,381,0
1873,0.099,383,0
1874,0.106,388,0
1875,0.103,384,0
1876,0.101,382,0
1877,0.104,376,0
1878,0.102,377,0
1879,0.102,377,0
1880,0.101,383,0
1881,0.101,383,0
1882,0.105,380,0
1883,0.102,375,0
1884,0.101,376,0
1885,0.105,378,0
1886,0.098,376,0
1887,0.098,372,0
1888,0.103,374,0
1889,0.103,371,0
1890,0.097,370,0
1891,0.102,378,0
1892,0.1,379,0
1893,0.104,378,0
1894,0.1,377,0
1895,0.109,378,0
1896,0.111,376,0
1897,0.104,377,0
1898,0.115,379,0
1899,0.107,382,0
1900,0.114,380,0
1901,0.113,379,0
1902,0.104,374,0
1903,0.107,373,0
1904,0.105,373,0
1905,0.104,372,0
1906,0.106,374,0
1907,0.103,377,0
1908,0.105,381,0
1909,0.107,383,0
1910,0.106,380,0
1911,0.11,381,0
1912,0.102,384,0
1913,0.108,386,0
1914,0.108,387,0
1915,0.107,381,0
1916,0.109,380,0
1917,0.104,379,0
1918,0.105,376,0
1919,0.107,377,0
1920,0.104,372,0
1921,0.102,373,0
1922,0.104,377,0
1923,0.103,374,0
1924,0.111,373,0
1925,0.101,371,0
1926,0.102,373,0
1927,0.101,370,0
1928,0.109,370,0
1929,0.096,371,0
1930,0.113,372,0
1931,0.107,370,0
1932,0.099,373,0
1933,0.105,369,0
1934,0.102,371,0
1935,0.109,373,0
1936,0.103,374,0
1937,0.101,378,0
1938,0.1,375,0
1939,0.106,378,0
1940,0.107,376,0
1941,0.103,377,0
1942,0.1,377,0
1943,0.101,375,0
1944,0.106,378,0
1945,0.105,373,0
1946,0.103,374,0
1947,0.104,370,0
1948,0.103,371,0
1949,0.097,372,0
1950,0.101,375,0
1951,0.107,376,0
1952,0.101,373,0
1953,0.102,370,0
1954,0.099,373,0
1955,0.101,369,0
1956,0.096,372,0
1957,0.096,365,0
1958,0.099,369,0
1959,0.098,367,0
1960,0.098,370,0
1961,0.097,375,0
1962,0.099,377,0
1963,0.103,372,0
1964,0.101,373,0
1965,0.099,370,0
1966,0.095,368,0
1967,0.094,365,0
1968,0.094,362,0
1969,0.095,368,0
1970,0.098,367,0
1971,0.101,367,0
1972,0.098,366,0
1973,0.098,366,0
1974,0.1,367,0
1975,0.098,373,0
1976,0.094,364,0
1977,0.093,372,0
1978,0.099,373,0
1979,0.099,369,0
1980,0.096,369,0
1981,0.097,370,0
1982,0.096,371,0
1983,0.093,369,0
1984,0.092,365,0
1985,0.096,366,0
1986,0.091,368,0
1987,0.089,363,0
1988,0.095,367,0
1989,0.095,363,0
1990,0.094,368,0
1991,0.094,371,0
1992,0.094,376,0
1993,0.096,375,0
1994,0.096,373,0
1995,0.092,370,0
1996,0.098,370,0
1997,0.1,374,0
1998,0.1,373,0
1999,0.096,379,0
2000,0.094,379,0
2001,0.096,375,0
2002,0.094,374,0
2003,0.098,378,0
2004,0.094,372,0
2005,0.091,375,0
2006,0.095,378,0
2007,0.093,380,0
2008,0.092,381,0
2009,0.094,384,0
2010,0.095,378,0
2011,0.101,374,0
2012,0.089,382,0
2013,0.094,379,0
2014,0.093,381,0
2015,0.093,376,0
2016,0.091,376,0
2017,0.093,376,0
2018,0.092,374,0
2019,0.094,375,0
2020,0.095,373,0
2021,0.092,374,0
2022,0.093,371,0
2023,0.093,373,0
2024,0.094,373,0
2025,0.094,373,0
2026,0.095,373,0
2027,0.094,373,0
2028,0.093,375,0
2029,0.088,372,0
2030,0.09,370,0
2031,0.092,370,0
2032,0.096,365,0
2033,0.092,366,0
2034,0.091,362,0
2035,0.093,366,0
2036,0.088,365,0
2037,0.093,364,0
2038,0.089,369,0
2039,0.09,369,0
2040,0.09,370,0
2041,0.092,373,0
2042,0.094,375,0
2043,0.092,375,0
2044,0.095,375,0
2045,0.095,376,0
2046,0.097,375,0
2047,0.095,373,0
2048,0.089,378,0
2049,0.092,372,0
2050,0.095,372,0
2051,0.094,378,0
2052,0.09,375,0
2053,0.094,372,0
2054,0.091,373,0
2055,0.095,371,0
2056,0.087,369,0
2057,0.094,366,0
2058,0.098,371,0
2059,0.098,366,0
2060,0.09,372,0
2061,0.095,376,0
2062,0.095,374,0
2063,0.094,367,0
2064,0.097,367,0
2065,0.089,364,0
2066,0.098,363,0
2067,0.094,370,0
2068,0.091,369,0
2069,0.095,371,0
2070,0.096,372,0
2071,0.093,377,0
2072,0.097,371,0
2073,0.096,375,0
2074,0.097,373,0
2075,0.093,374,0
2076,0.095,379,0
2077,0.096,376,0
2078,0.1,378,0
2079,0.098,380,0
2080,0.097,378,0
2081,0.098,378,0
2082,0.095,380,0
2083,0.092,378,0
2084,0.096,376,0
2085,0.095,377,0
2086,0.094,380,0
2087,0.1,379,0
2088,0.093,381,0
2089,0.102,372,0
2090,0.093,371,0
2091,0.097,370,0
2092,0.089,375,0
2093,0.091,373,0
2094,0.098,373,0
2095,0.095,379,0
2096,0.098,382,0
2097,0.1,374,0
2098,0.1,377,0
2099,0.095,373,0
2100,0.095,369,0
2101,0.089,372,0
2102,0.09,369,0
2103,0.094,370,0
2104,0.092,371,0
2105,0.089,369,0
2106,0.09,369,0
2107,0.09,366,0
2108,0.092,369,0
2109,0.091,368,0
2110,0.093,366,0
2111,0.092,366,0
2112,0.107,373,0
2113,0.104,376,0
2114,0.102,374,0
2115,0.112,370,0
2116,0.104,373,0
2117,0.095,375,0
2118,0.095,378,0
2119,0.105,371,0
2120,0.106,370,0
2121,0.099,371,0
2122,0.106,369,0
2123,0.097,372,0
2124,0.095,373,0
2125,0.1,372,0
2126,0.094,374,0
2127,0.095,369,0
2128,0.093,371,0
2129,0.089,369,0
2130,0.091,377,0
2131,0.092,372,0
2132,0.088,373,0
2133,0.097,377,0
2134,0.092,376,0
2135,0.092,366,0
2136,0.091,372,0
2137,0.099,373,0
2138,0.091,371,0
2139,0.092,370,0
2140,0.09,367,0
2141,0.09,371,0
2142,0.092,371,0
2143,0.091,368,0
2144,0.091,371,0
2145,0.094,370,0
2146,0.09,371,0
2147,0.088,372,0
2148,0.093,368,0
2149,0.092,375,0
2150,0.1,372,0
2151,0.095,374,0
2152,0.095,375,0
2153,0.094,378,0
2154,0.1,378,0
2155,0.094,375,0
2156,0.097,378,0
2157,0.097,379,0
2158,0.092,374,0
2159,0.096,380,0
2160,0.107,380,0
2161,0.1,381,0
2162,0.101,386,0
2163,0.101,384,0
2164,0.109,381,0
2165,0.101,379,0
2166,0.097,374,0
2167,0.096,374,0
2168,0.098,376,0
2169,0.096,383,0
2170,0.098,385,0
2171,0.096,380,0
2172,0.094,377,0
2173,0.1,378,0
2174,0.096,376,0
2175,0.094,372,0
2176,0.096,372,0
2177,0.093,373,0
2178,0.098,368,0
2179,0.092,368,0
2180,0.112,370,0
2181,0.106,373,0
2182,0.105,370,0
2183,0.101,374,0
2184,0.114,366,0
2185,0.108,368,0
2186,0.104,371,0
2187,0.102,374,0
2188,0.104,371,0
2189,0.106,372,0
2190,0.105,372,0
2191,0.109,367,0
2192,0.117,368,0
2193,0.115,374,0
2194,0.104,375,0
2195,0.103,367,0
2196,0.108,362,0
2197,0.104,361,0
2198,0.102,364,0
2199,0.114,364,0
2200,0.106,363,0
2201,0.111,361,0
2202,0.107,362,0
2203,0.112,367,0
2204,0.103,364,0
2205,0.115,358,0
2206,0.104,360,0
2207,0.104,361,0
2208,0.096,357,0
2209,0.109,359,0
2210,0.101,359,0
2211,0.106,357,0
2212,0.099,356,0
2213,0.091,356,0
2214,0.091,356,0
2215,0.092,359,0
2216,0.094,358,0
2217,0.092,359,0
2218,0.092,360,0
2219,0.094,366,0
2220,0.092,368,0
2221,0.093,365,0
2222,0.095,365,0
2223,0.089,366,0
2224,0.092,367,0
2225,0.091,372,0
2226,0.1,374,0
2227,0.096,373,0
2228,0.094,377,0
2229,0.101,373,0
2230,0.094,365,0
2231,0.098,374,0
2232,0.097,374,0
2233,0.093,370,0
2234,0.093,370,0
2235,0.094,376,0
2236,0.097,380,0
2237,0.098,372,0
2238,0.095,377,0
2239,0.095,378,0
2240,0.093,377,0
2241,0.093,382,0
2242,0.098,378,0
2243,0.097,383,0
2244,0.094,384,0
2245,0.095,385,0
2246,0.097,382,0
2247,0.101,385,0
2248,0.098,384,0
2249,0.097,384,0
2250,0.096,389,0
2251,0.095,390,0
2252,0.097,388,0
2253,0.097,388,0
2254,0.096,386,0
2255,0.095,384,0
2256,0.095,386,0
2257,0.101,388,0
2258,0.101,388,0
2259,0.099,387,0
2260,0.195,389,0
2261,0.241,390,0
2262,0.154,390,0
2263,0.159,389,0
2264,0.134,389,0
2265,0.283,392,0
2266,0.151,396,0
2267,0.164,395,0
2268,0.133,396,0
2269,0.301,399,0
2270,0.117,394,0
2271,0.168,400,0
2272,0.172,392,0
2273,0.139,388,0
2274,0.155,391,0
2275,0.113,394,0
2276,0.241,391,0
2277,0.257,390,0
2278,0.137,388,0
2279,0.115,391,0
2280,0.13,389,0
2281,0.123,387,0
2282,0.122,389,0
2283,0.118,389,0
2284,0.128,391,0
2285,0.122,385,0
2286,0.128,390,0
2287,0.117,386,0
2288,0.118,388,0
2289,0.112,389,0
2290,0.118,387,0
2291,0.13,385,0
2292,0.135,386,0
2293,0.108,379,0
2294,0.184,383,0
2295,0.107,390,0
2296,0.114,389,0
2297,0.138,396,0
2298,0.192,390,0
2299,0.11,388,0
2300,0.111,391,0
2301,0.112,392,0
2302,0.118,387,0
2303,0.106,388,0
2304,0.106,388,0
2305,0.108,389,0
2306,0.109,389,0
2307,0.107,392,0
2308,0.111,398,0
2309,0.118,390,0
2310,0.109,392,0
2311,0.111,395,0
2312,0.111,395,0
2313,0.109,396,0
2314,0.115,398,0
2315,0.127,400,0
2316,0.116,399,0
2317,0.111,393,0
2318,0.106,395,0
2319,0.107,394,0
2320,0.132,395,0
2321,0.116,398,0
2322,0.111,400,0
2323,0.119,399,0
2324,0.128,398,0
2325,0.12,403,0
2326,0.133,403,0
2327,0.129,400,0
2328,0.116,400,0
2329,0.115,396,0
2330,0.131,394,0
2331,0.136,394,0
2332,0.13,392,0
2333,0.131,397,0
2334,0.115,391,0
2335,0.125,390,0
2336,0.11,386,0
2337,0.116,386,0
2338,0.106,396,0
2339,0.107,397,0
2340,0.103,392,0
2341,0.109,391,0
2342,0.111,394,0
2343,0.107,397,0
2344,0.106,396,0
2345,0.101,393,0
2346,0.103,394,0
2347,0.107,399,0
2348,0.103,391,0
2349,0.104,401,0
2350,0.108,400,0
2351,0.11,402,0
2352,0.12,397,0
2353,0.104,395,0
2354,0.101,396,0
2355,0.103,399,0
2356,0.107,402,0
2357,0.119,403,0
2358,0.111,400,0
2359,0.111,403,0
2360,0.119,404,0
2361,0.107,404,0
2362,0.112,404,0
2363,0.116,405,0
2364,0.114,406,0
2365,0.108,405,0
2366,0.11,412,0
2367,0.111,410,0
2368,0.106,409,0
2369,0.11,403,0
2370,0.114,405,0
2371,0.112,400,0
2372,0.116,400,0
2373,0.134,403,0
2374,0.324,406,0
2375,0.219,403,0
2376,0.165,402,0
2377,0.142,404,0
2378,0.149,405,0
2379,0.147,401,0
2380,0.139,405,0
2381,0.123,403,0
2382,0.125,402,0
2383,0.122,401,0
2384,0.127,401,0
2385,0.12,405,0
2386,0.108,401,0
2387,0.112,400,0
2388,0.116,399,0
2389,0.118,401,0
2390,0.115,403,0
2391,0.114,405,0
2392,0.116,407,0
2393,0.103,402,0
2394,0.111,403,0
2395,0.116,404,0
2396,0.11,404,0
2397,0.109,405,0
2398,0.104,405,0
2399,0.104,407,0
2400,0.104,405,0
2401,0.107,403,0
2402,0.101,405,0
2403,0.106,404,0
2404,0.103,405,0
2405,0.105,407,0
2406,0.102,402,0
2407,0.108,401,0
2408,0.104,404,0
2409,0.102,406,0
2410,0.102,406,0
2411,0.107,404,0
2412,0.105,405,0
2413,0.101,401,0
2414,0.103,401,0
2415,0.101,399,0
2416,0.106,397,0
2417,0.281,401,0
2418,0.135,399,0
2419,0.176,398,0
2420,0.161,398,0
2421,0.139,395,0
2422,0.125,397,0
2423,0.122,400,0
2424,0.138,397,0
2425,0.117,401,0
2426,0.116,399,0
2427,0.113,395,0
2428,0.118,398,0
2429,0.116,396,0
2430,0.114,398,0
2431,0.118,403,0
2432,0.124,399,0
2433,0.114,397,0
2434,0.137,403,0
2435,0.111,399,0
2436,0.111,401,0
2437,0.114,395,0
2438,0.105,402,0
2439,0.105,399,0
2440,0.103,403,0
2441,0.103,403,0
2442,0.104,405,0
2443,0.104,404,0
2444,0.103,409,0
2445,0.106,413,0
2446,0.109,410,0
2447,0.107,412,0
2448,0.114,409,0
2449,0.108,410,0
2450,0.108,407,0
2451,0.11,412,0
2452,0.106,409,0
2453,0.104,409,0
2454,0.105,413,0
2455,0.107,412,0
2456,0.105,414,0
2457,0.107,417,0
2458,0.108,417,0
2459,0.117,417,0
2460,0.107,416,0
2461,0.104,412,0
2462,0.107,416,0
2463,0.107,416,0
2464,0.105,409,0
2465,0.104,415,0
2466,0.106,413,0
2467,0.105,412,0
2468,0.108,417,0
2469,0.111,419,0
2470,0.286,416,0
2471,0.225,420,0
2472,0.227,421,0
2473,0.183,421,0
2474,0.183,423,0
2475,0.16,421,0
2476,0.179,415,0
2477,0.147,416,0
2478,0.151,413,0
2479,0.174,415,0
2480,0.204,421,0
2481,0.16,421,0
2482,0.161,416,0
2483,0.159,421,0
2484,0.144,423,0
2485,0.144,424,0
2486,0.145,419,0
2487,0.141,424,0
2488,0.152,425,0
2489,0.136,425,0
2490,0.13,427,0
2491,0.125,422,0
2492,0.118,416,0
2493,0.114,421,0
2494,0.118,420,0
2495,0.111,423,0
2496,0.111,423,0
2497,0.113,426,0
2498,0.113,433,0
2499,0.111,431,0
2500,0.118,431,0
2501,0.113,425,0
2502,0.113,427,0
2503,0.111,430,0
2504,0.108,431,0
2505,0.109,431,0
2506,0.108,430,0
2507,0.109,421,0
2508,0.107,418,0
2509,0.106,424,0
2510,0.112,427,0
2511,0.11,427,0
2512,0.109,428,0
2513,0.117,432,0
2514,0.111,428,0
2515,0.11,425,0
2516,0.114,425,0
2517,0.109,429,0
2518,0.108,423,0
2519,0.11,425,0
2520,0.107,420,0
2521,0.107,420,0
2522,0.103,420,0
2523,0.107,420,0
2524,0.107,420,0
2525,0.11,419,0
2526,0.106,420,0
2527,0.105,423,0
2528,0.11,425,0
2529,0.111,421,0
2530,0.113,422,0
2531,0.108,422,0
2532,0.106,420,0
2533,0.109,425,0
2534,0.112,422,0
2535,0.107,419,0
2536,0.105,418,0
2537,0.113,417,0
2538,0.106,418,0
2539,0.104,416,0
2540,0.101,413,0
2541,0.11,413,0
2542,0.107,412,0
2543,0.107,408,0
2544,0.108,411,0
2545,0.107,411,0
2546,0.104,414,0
2547,0.103,415,0
2548,0.104,416,0
2549,0.105,422,0
2550,0.108,420,0
2551,0.106,422,0
2552,0.106,426,0
2553,0.105,422,0
2554,0.105,415,0
2555,0.103,417,0
2556,0.115,415,0
2557,0.108,411,0
2558,0.105,414,0
2559,0.103,411,0
2560,0.107,413,0
2561,0.106,416,0
2562,0.104,418,0
2563,0.103,415,0
2564,0.106,414,0
2565,0.108,414,0
2566,0.107,412,0
2567,0.104,411,0
2568,0.105,407,0
2569,0.103,412,0
2570,0.102,414,0
2571,0.1,411,0
2572,0.101,416,0
2573,0.108,417,0
2574,0.104,414,0
2575,0.106,410,0
2576,0.102,412,0
2577,0.107,416,0
2578,0.101,412,0
2579,0.109,411,0
2580,0.103,413,0
2581,0.101,416,0
2582,0.101,417,0
2583,0.105,413,0
2584,0.104,411,0
2585,0.105,411,1
2586,0.103,412,1
2587,0.109,409,1
2588,0.106,407,1
2589,0.101,409,1
2590,0.104,408,1
2591,0.105,409,1
2592,0.103,406,1
2593,0.106,410,1
2594,0.103,409,1
2595,0.103,409,1
2596,0.104,410,1
2597,0.106,406,1
2598,0.1,406,1
2599,0.103,404,1
2600,0.099,401,1
2601,0.105,404,1
2602,0.101,404,1
2603,0.106,410,1
2604,0.101,408,1
2605,0.1,407,1
2606,0.107,408,1
2607,0.107,412,1
2608,0.103,413,1
2609,0.113,408,1
2610,0.101,410,1
2611,0.107,411,1
2612,0.101,409,1
2613,0.105,410,1
2614,0.106,406,1
2615,0.102,412,1
2616,0.108,409,1
2617,0.107,411,1
2618,0.107,413,1
2619,0.104,416,1
2620,0.107,411,1
2621,0.108,416,1
2622,0.108,414,1
2623,0.112,414,1
2624,0.112,415,1
2625,0.117,415,1
2626,0.121,415,1
2627,0.112,411,1
2628,0.121,411,1
2629,0.114,415,1
2630,0.116,409,1
2631,0.13,410,1
2632,0.125,410,1
2633,0.114,410,1
2634,0.109,413,1
2635,0.114,415,1
2636,0.12,413,1
2637,0.122,414,1
2638,0.114,411,1
2639,0.115,415,1
2640,0.114,417,1
2641,0.117,420,1
2642,0.129,420,1
2643,0.125,419,1
2644,0.115,414,1
2645,0.116,420,1
2646,0.114,413,1
2647,0.117,415,1
2648,0.113,412,1
2649,0.126,414,1
2650,0.112,414,1
2651,0.115,410,1
2652,0.108,408,1
2653,0.112,410,1
2654,0.114,409,1
2655,0.115,413,1
2656,0.124,418,1
2657,0.112,413,1
2658,0.118,410,1
2659,0.113,412,1
2660,0.112,410,1
2661,0.114,410,1
2662,0.115,414,1
2663,0.117,407,1
2664,0.113,409,1
2665,0.117,408,1
2666,0.113,409,1
2667,0.11,407,2
2668,0.115,408,2
2669,0.115,406,2
2670,0.113,403,2
2671,0.119,409,2
2672,0.11,406,2
2673,0.11,406,2
2674,0.104,400,2
2675,0.105,401,2
2676,0.114,403,2
2677,0.103,410,2
2678,0.105,410,2
2679,0.106,410,2
2680,0.107,411,2
2681,0.108,412,2
2682,0.111,415,2
2683,0.109,415,2
2684,0.11,416,2
2685,0.109,412,2
2686,0.108,412,3
2687,0.109,422,3
2688,0.115,418,3
2689,0.108,415,3
2690,0.106,409,3
2691,0.107,413,3
2692,0.107,418,3
2693,0.109,414,3
2694,0.109,416,3
2695,0.109,414,3
2696,0.109,407,3
2697,0.102,409,3
2698,0.109,412,3
2699,0.107,412,3
2700,0.105,410,3
2701,0.103,411,3
2702,0.106,411,3
2703,0.105,411,3
2704,0.106,407,3
2705,0.106,411,3
2706,0.106,411,3
2707,0.116,405,4
2708,0.128,413,4
2709,0.136,412,4
2710,0.131,408,4
2711,0.113,408,4
2712,0.111,410,4
2713,0.107,409,4
2714,0.11,409,4
2715,0.105,407,4
2716,0.103,409,4
2717,0.109,407,4
2718,0.109,410,4
2719,0.104,418,4
2720,0.109,416,4
2721,0.11,412,4
2722,0.111,410,4
2723,0.105,409,4
2724,0.103,408,4
2725,0.103,410,4
2726,0.102,413,4
2727,0.106,407,4
2728,0.102,410,4
2729,0.104,408,4
2730,0.102,407,4
2731,0.104,409,4
2732,0.103,406,4
2733,0.105,413,4
2734,0.105,410,4
2735,0.109,413,4
2736,0.106,419,5
2737,0.107,413,5
2738,0.106,413,5
2739,0.107,412,5
2740,0.107,408,6
2741,0.104,413,6
2742,0.114,417,6
2743,0.105,413,6
2744,0.11,414,6
2745,0.107,416,6
2746,0.106,415,6
2747,0.106,413,6
2748,0.103,415,6
2749,0.114,410,6
2750,0.103,414,6
2751,0.109,417,6
2752,0.114,414,6
2753,0.108,415,6
2754,0.11,416,6
2755,0.109,415,6
2756,0.109,423,6
2757,0.109,420,6
2758,0.117,420,6
2759,0.108,420,6
2760,0.11,419,6
2761,0.107,417,6
2762,0.112,417,7
2763,0.107,419,7
2764,0.109,420,7
2765,0.11,418,7
2766,0.105,420,7
2767,0.107,419,7
2768,0.108,414,7
2769,0.102,412,7
2770,0.103,410,7
2771,0.104,413,7
2772,0.11,417,7
2773,0.108,414,7
2774,0.105,408,7
2775,0.106,410,7
2776,0.113,412,7
2777,0.106,417,7
2778,0.106,417,7
2779,0.106,416,7
2780,0.114,418,7
2781,0.113,414,7
2782,0.104,410,7
2783,0.108,409,7
2784,0.109,417,7
2785,0.116,419,7
2786,0.11,420,7
2787,0.112,422,7
2788,0.111,419,7
2789,0.112,417,7
2790,0.107,419,7
2791,0.111,419,7
2792,0.108,411,7
2793,0.115,424,7
2794,0.11,421,7
2795,0.109,422,7
2796,0.111,425,7
2797,0.107,427,8
2798,0.109,421,8
2799,0.111,426,8
2800,0.11,426,8
2801,0.111,428,8
2802,0.112,426,8
2803,0.12,428,8
2804,0.11,424,8
2805,0.114,427,8
2806,0.112,428,8
2807,0.109,430,8
2808,0.117,434,8
2809,0.113,431,8
2810,0.112,432,8
2811,0.111,433,8
2812,0.122,427,8
2813,0.112,426,8
2814,0.109,427,8
2815,0.112,426,8
2816,0.111,427,8
2817,0.116,428,9
2818,0.115,429,9
2819,0.115,429,9
2820,0.116,423,9
2821,0.111,425,9
2822,0.109,431,9
2823,0.117,431,9
2824,0.119,432,9
2825,0.115,432,9
2826,0.112,430,9
2827,0.117,431,9
2828,0.112,431,9
2829,0.114,432,9
2830,0.116,431,9
2831,0.115,434,9
2832,0.117,436,9
2833,0.115,430,9
2834,0.112,431,9
2835,0.109,434,9
2836,0.112,435,9
2837,0.117,434,9
2838,0.114,435,9
2839,0.115,434,9
2840,0.118,429,9
2841,0.115,434,9
2842,0.111,432,9
2843,0.115,434,9
2844,0.118,431,9
2845,0.113,430,9
2846,0.112,435,9
2847,0.117,440,9
2848,0.128,436,9
2849,0.13,438,9
2850,0.143,426,9
2851,0.129,433,9
2852,0.128,432,9
2853,0.124,430,9
2854,0.127,430,9
2855,0.126,434,9
2856,0.125,429,9
2857,0.125,430,9
2858,0.124,434,9
2859,0.122,434,10
2860,0.126,435,10
2861,0.123,433,10
2862,0.12,437,10
2863,0.119,438,10
2864,0.118,430,10
2865,0.116,434,11
2866,0.116,431,11
2867,0.116,434,11
2868,0.116,438,11
2869,0.116,434,11
2870,0.114,430,11
2871,0.111,431,11
2872,0.117,434,11
2873,0.119,437,11
2874,0.12,437,11
2875,0.112,437,11
2876,0.119,436,11
2877,0.119,438,11
2878,0.122,432,11
2879,0.117,434,11
2880,0.12,439,11
2881,0.121,434,11
2882,0.115,434,11
2883,0.118,435,11
2884,0.117,435,11
2885,0.12,432,11
2886,0.118,438,11
2887,0.121,434,11
2888,0.124,430,11
2889,0.117,432,11
2890,0.117,435,11
2891,0.117,436,11
2892,0.115,435,11
2893,0.116,431,11
2894,0.115,429,11
2895,0.119,431,12
2896,0.116,436,12
2897,0.12,434,12
2898,0.12,437,12
2899,0.12,435,12
2900,0.118,433,12
2901,0.121,435,12
2902,0.119,441,12
2903,0.119,439,12
2904,0.117,436,12
2905,0.118,442,12
2906,0.122,438,13
2907,0.12,432,13
2908,0.12,430,13
2909,0.115,431,13
2910,0.119,437,13
2911,0.117,433,13
2912,0.116,432,13
2913,0.115,435,13
2914,0.116,436,13
2915,0.119,435,13
2916,0.114,435,13
2917,0.119,435,13
2918,0.118,435,14
2919,0.114,431,14
2920,0.114,434,14
2921,0.117,429,14
2922,0.114,427,14
2923,0.112,424,14
2924,0.116,425,14
2925,0.116,424,14
2926,0.113,427,14
2927,0.114,425,14
2928,0.113,426,14
2929,0.116,430,14
2930,0.119,433,14
2931,0.122,428,14
2932,0.116,428,14
2933,0.118,423,14
2934,0.114,421,14
2935,0.113,423,14
2936,0.115,422,14
2937,0.115,420,14
2938,0.109,424,14
2939,0.114,419,14
2940,0.114,418,14
2941,0.119,414,14
2942,0.114,418,14
2943,0.113,420,14
2944,0.116,426,14
2945,0.114,423,15
2946,0.114,424,15
2947,0.112,427,15
2948,0.114,429,15
2949,0.117,430,15
2950,0.115,432,15
2951,0.113,433,15
2952,0.116,431,15
2953,0.119,429,15
2954,0.112,429,15
2955,0.118,430,15
2956,0.117,426,15
2957,0.119,427,15
2958,0.113,427,15
2959,0.118,432,15
2960,0.119,429,15
2961,0.118,426,15
2962,0.114,429,15
2963,0.12,430,15
2964,0.118,429,15
2965,0.12,431,15
2966,0.117,432,15
2967,0.118,429,15
2968,0.118,427,15
2969,0.116,426,15
2970,0.115,426,15
2971,0.114,428,15
2972,0.113,426,15
2973,0.122,426,15
2974,0.115,428,15
2975,0.113,422,15
2976,0.114,420,15
2977,0.113,420,15
2978,0.114,420,15
2979,0.113,422,15
2980,0.114,423,15
2981,0.113,420,15
2982,0.119,423,15
2983,0.113,418,15
2984,0.109,418,15
2985,0.114,422,15
2986,0.115,422,15
2987,0.116,420,15
2988,0.113,420,15
2989,0.11,427,15
2990,0.114,430,15
2991,0.119,423,15
2992,0.114,428,15
2993,0.114,427,15
2994,0.114,425,15
2995,0.118,425,15
2996,0.114,430,15
2997,0.12,427,15
2998,0.114,428,15
2999,0.115,425,15
3000,0.117,434,15
3001,0.122,435,16
3002,0.12,431,16
3003,0.12,428,16
3004,0.116,429,16
3005,0.122,424,16
3006,0.11,427,16
3007,0.113,424,16
3008,0.119,427,16
3009,0.12,428,16
3010,0.117,432,16
3011,0.119,430,16
3012,0.12,434,16
3013,0.118,435,16
3014,0.116,435,16
3015,0.119,434,17
3016,0.115,434,17
3017,0.121,436,17
3018,0.117,432,17
3019,0.116,429,17
3020,0.118,424,17
3021,0.115,426,17
3022,0.117,428,17
3023,0.124,430,17
3024,0.119,431,17
3025,0.114,435,17
3026,0.118,434,17
3027,0.119,435,17
3028,0.118,434,17
3029,0.117,442,17
3030,0.12,438,17
3031,0.12,439,17
3032,0.119,439,17
3033,0.12,439,17
3034,0.121,437,17
3035,0.122,436,17
3036,0.118,437,17
3037,0.13,434,17
3038,0.124,434,17
3039,0.13,432,17
3040,0.121,438,17
3041,0.12,437,17
3042,0.123,441,17
3043,0.119,439,17
3044,0.121,438,17
3045,0.123,437,17
3046,0.121,440,17
3047,0.126,441,17
3048,0.121,450,17
3049,0.124,446,17
3050,0.126,446,17
3051,0.126,448,17
3052,0.124,443,17
3053,0.118,447,17
3054,0.123,446,17
3055,0.123,440,17
3056,0.123,444,17
3057,0.12,445,17
3058,0.12,441,17
3059,0.121,436,18
3060,0.119,437,19
3061,0.123,438,19
3062,0.119,434,19
3063,0.12,432,19
3064,0.117,430,19
3065,0.116,435,19
3066,0.122,434,19
3067,0.12,434,19
3068,0.12,432,19
3069,0.123,435,19
3070,0.116,437,19
3071,0.119,438,19
3072,0.118,437,19
3073,0.122,437,19
3074,0.115,430,19
3075,0.119,436,19
3076,0.122,435,19
3077,0.114,442,19
3078,0.116,441,19
3079,0.121,435,19
3080,0.117,437,19
3081,0.124,441,19
3082,0.12,437,19
3083,0.115,436,19
3084,0.118,438,19
3085,0.115,432,19
3086,0.122,434,19
3087,0.115,430,19
3088,0.115,432,19
3089,0.12,437,19
3090,0.118,439,19
3091,0.122,435,19
3092,0.113,438,19
3093,0.123,442,19
3094,0.115,438,19
3095,0.115,437,19
3096,0.119,440,19
3097,0.12,444,19
3098,0.116,443,19
3099,0.121,442,19
3100,0.118,442,19
3101,0.118,448,19
3102,0.121,444,19
3103,0.118,444,19
3104,0.121,444,19
3105,0.116,445,19
3106,0.12,441,19
3107,0.123,443,19
3108,0.115,442,19
3109,0.119,443,19
3110,0.119,439,19
3111,0.117,439,19
3112,0.118,442,19
3113,0.118,449,20
3114,0.121,443,21
3115,0.117,441,21
3116,0.117,441,22
3117,0.117,446,22
3118,0.12,449,22
3119,0.118,445,24
3120,0.12,447,24
3121,0.119,444,24
3122,0.117,444,24
3123,0.121,443,25
3124,0.119,440,25
3125,0.12,438,25
3126,0.119,440,25
3127,0.118,442,25
3128,0.118,442,25
3129,0.12,443,25
3130,0.117,444,25
3131,0.123,446,25
3132,0.12,443,25
3133,0.121,447,25
3134,0.121,447,25
3135,0.119,445,26
3136,0.122,445,26
3137,0.119,444,26
3138,0.119,442,26
3139,0.119,443,26
3140,0.118,440,27
3141,0.128,443,27
3142,0.118,444,27
3143,0.119,442,28
3144,0.119,442,29
3145,0.119,448,29
3146,0.122,446,29
3147,0.122,444,29
3148,0.118,439,29
3149,0.123,441,29
3150,0.116,443,29
3151,0.119,445,29
3152,0.119,446,29
3153,0.124,453,29
3154,0.119,449,30
3155,0.118,448,30
3156,0.123,449,30
3157,0.123,452,30
3158,0.119,450,30
3159,0.116,447,30
3160,0.116,446,31
3161,0.118,448,31
3162,0.122,450,31
3163,0.126,452,31
3164,0.124,445,32
3165,0.12,447,33
3166,0.122,446,33
3167,0.12,449,33
3168,0.121,448,33
3169,0.121,448,33
3170,0.122,446,33
3171,0.122,448,33
3172,0.126,448,33
3173,0.12,449,33
3174,0.126,443,33
3175,0.127,441,33
3176,0.119,441,33
3177,0.12,442,33
3178,0.121,442,33
3179,0.12,442,33
3180,0.119,445,33
3181,0.121,455,34
3182,0.127,453,34
3183,0.125,457,35
3184,0.124,452,35
3185,0.128,455,35
3186,0.122,451,35
